"","Trump","Clinton","Other","Undecided","poll_slug","survey_house","start_date","end_date","question_text","sample_subpopulation","observations","margin_of_error","mode","partisanship","partisan_affiliation"
"1",43,46,5,6,"bloomberg-selzer-26771","Bloomberg/Selzer",2016-11-04,2016-11-06,"If the general election were held today, and the candidates were Hillary Clinton for the Democrats and Donald Trump for the Republicans, for whom would you vote?","Likely Voters",799,3.5,"Live Phone","Nonpartisan","None"
"2",39,44,9,8,"ipsos-reuters-26810","Ipsos/Reuters",2016-11-02,2016-11-06,"If the 2016 presidential election were being held today and the candidates were as below, for whom would you vote?","Likely Voters",2195,2.4,"Internet","Nonpartisan","None"
"3",43,47,5,5,"cbs-times-26778","CBS/Times",2016-11-02,2016-11-06,NA,"Likely Voters",1426,3,"Live Phone","Nonpartisan","None"
"4",46,49,5,NA,"upi-cvoter-26785","UPI/CVOTER",2016-10-31,2016-11-06,NA,"Likely Voters",1625,NA,"Internet","Nonpartisan","None"
"5",44,51,NA,5,"nbc-surveymonkey-26770","NBC/SurveyMonkey",2016-10-31,2016-11-06,"If the 2016 presidential election were being held today among the following candidates, for whom would you vote?","Likely Voters",70194,1,"Internet","Nonpartisan","None"
"6",44,46,8,2,"mcclatchy-marist-26734","McClatchy/Marist",2016-11-01,2016-11-03,"If next  week's (November's) presidential election were held today, whom would you support if the candidates are:","Likely Voters",940,3.2,"Live Phone","Nonpartisan","None"
"7",44,47,5,5,"cbs-times-26647","CBS/Times",2016-10-28,2016-11-01,NA,"Likely Voters",1333,3,"Live Phone","Nonpartisan","None"
"8",50,50,NA,NA,"gravis-marketing-oann-26695","Gravis Marketing/OANN",2016-10-31,2016-10-31,NA,"Registered Voters",5360,1.3,"IVR/Online","Sponsor","Rep"
"9",43,46,NA,11,"politico-morning-consult-26556","Politico/Morning Consult",2016-10-29,2016-10-30,NA,"Likely Voters",1772,2,"Internet","Nonpartisan","None"
"10",47,52,NA,1,"politico-morning-consult-26662","Politico/Morning Consult",2016-10-27,2016-10-30,NA,"Likely Voters",1249,3,"Live Phone","Nonpartisan","None"
"11",48,49,3,NA,"upi-cvoter-26598","UPI/CVOTER",2016-10-24,2016-10-30,NA,"Likely Voters",1299,NA,"Internet","Nonpartisan","None"
"12",44,51,NA,5,"nbc-surveymonkey-26584","NBC/SurveyMonkey",2016-10-24,2016-10-30,"If the 2016 presidential election were being held today among the following candidates, for whom would you vote?","Likely Voters",40816,1,"Internet","Nonpartisan","None"
"13",39,49,NA,12,"suffolk-usa-today-26449","Suffolk/USA Today",2016-10-20,2016-10-24,"If the general election was held today and the candidates were Democrat Hillary Clinton or Republican Donald Trump, for whom will you vote or lean toward?","Likely Voters",1000,3,"Live Phone","Nonpartisan","None"
"14",37,43,10,10,"ipsos-reuters-26445","Ipsos/Reuters",2016-10-20,2016-10-24,"If the 2016 presidential election were being held today and the candidates were as below, for whom would you vote?","Likely Voters",1170,3.3,"Internet","Nonpartisan","None"
"15",44,50,NA,5,"nbc-surveymonkey-26412","NBC/SurveyMonkey",2016-10-17,2016-10-23,"If the 2016 presidential election were being held today among the following candidates, for whom would you vote?","Likely Voters",32225,1,"Internet","Nonpartisan","None"
"16",46,50,4,NA,"upi-cvoter-26389","UPI/CVOTER",2016-10-17,2016-10-23,NA,"Likely Voters",1414,NA,"Internet","Nonpartisan","None"
"17",40,46,NA,16,"politico-morning-consult-26342","Politico/Morning Consult",2016-10-19,2016-10-20,NA,"Likely Voters",1395,3,"Internet","Nonpartisan","None"
"18",42,49,5,4,"arg-26353","ARG",2016-10-17,2016-10-20,NA,"Likely Voters",1006,3,"Live Phone","Nonpartisan","None"
"19",41,50,4,5,"bloomberg-selzer-26261","Bloomberg/Selzer",2016-10-14,2016-10-17,"If the general election were held today, and the candidates were Hillary Clinton for the Democrats and Donald Trump for the Republicans, for whom would you vote?","Likely Voters",1006,NA,"Live Phone","Nonpartisan","None"
"20",39,43,8,10,"ipsos-reuters-26266","Ipsos/Reuters",2016-10-13,2016-10-17,"If the 2016 presidential election were being held today and the candidates were as below, for whom would you vote?","Likely Voters",1190,3.2,"Internet","Nonpartisan","None"
"21",40,51,5,5,"cbs-26221","CBS",2016-10-12,2016-10-16,NA,"Likely Voters",1189,3,"Live Phone","Nonpartisan","None"
"22",43,51,NA,6,"nbc-surveymonkey-26229","NBC/SurveyMonkey",2016-10-10,2016-10-16,"If the 2016 presidential election were being held today among the following candidates, for whom would you vote?","Likely Voters",24804,1,"Internet","Nonpartisan","None"
"23",46,50,4,NA,"upi-cvoter-26200","UPI/CVOTER",2016-10-10,2016-10-16,NA,"Likely Voters",1325,NA,"Internet","Nonpartisan","None"
"24",41,46,NA,14,"politico-morning-consult-26194","Politico/Morning Consult",2016-10-13,2016-10-15,NA,"Likely Voters",1737,2,"Internet","Nonpartisan","None"
"25",41,46,NA,13,"politico-morning-consult-26084","Politico/Morning Consult",2016-10-10,2016-10-10,NA,"Likely Voters",1757,3,"Internet","Nonpartisan","None"
"26",37,44,9,10,"ipsos-reuters-26141","Ipsos/Reuters",2016-10-06,2016-10-10,"If the 2016 presidential election were being held today and the candidates were as below, for whom would you vote?","Likely Voters",2363,2.3,"Internet","Nonpartisan","None"
"27",44,50,6,NA,"upi-cvoter-26076","UPI/CVOTER",2016-10-03,2016-10-09,NA,"Likely Voters",1350,NA,"Internet","Nonpartisan","None"
"28",44,51,NA,5,"nbc-surveymonkey-26017","NBC/SurveyMonkey",2016-10-03,2016-10-09,"If the 2016 presidential election were being held today among the following candidates, for whom would you vote?","Likely Voters",23329,1,"Internet","Nonpartisan","None"
"29",41,45,NA,14,"politico-morning-consult-26013","Politico/Morning Consult",2016-10-08,2016-10-08,"If the 2016 presidential election were held today and the candidates were Democrat Hillary Clinton and Republican Donald Trump, for whom would you vote?","Likely Voters",1390,3,"Internet","Nonpartisan","None"
"30",37,44,9,9,"ipsos-reuters-25960","Ipsos/Reuters",2016-09-29,2016-10-03,"If the 2016 presidential election were being held today and the candidates were as below, for whom would you vote?","Likely Voters",1239,3.2,"Internet","Nonpartisan","None"
"31",39,46,NA,16,"morning-consult-25827","Morning Consult",2016-09-30,2016-10-02,"If the 2016 presidential election were held today and the candidates were Democrat Hillary Clinton and Republican Donald Trump, for whom would you vote?","Likely Voters",1778,2,"Internet","Nonpartisan","None"
"32",40,50,5,6,"fairleigh-dickinson-ssrs-25961","Fairleigh Dickinson/SSRS",2016-09-28,2016-10-02,"If the election for president was held today, and the choices were Democrat Hillary Clinton and Republican Donald Trump, for whom would you vote?","Likely Voters",788,4.4,"Live Phone","Nonpartisan","None"
"33",43,49,4,5,"cbs-times-25894","CBS/Times",2016-09-28,2016-10-02,NA,"Likely Voters",1217,4,"Live Phone","Nonpartisan","None"
"34",44,50,NA,6,"nbc-surveymonkey-25895","NBC/SurveyMonkey",2016-09-26,2016-10-02,"If the 2016 presidential election were being held today among the following candidates, for whom would you vote?","Likely Voters",26925,1,"Internet","Nonpartisan","None"
"35",49,47,4,NA,"upi-cvoter-25834","UPI/CVOTER",2016-09-26,2016-10-02,NA,"Likely Voters",1285,3,"Internet","Nonpartisan","None"
"36",38,42,8,12,"ipsos-reuters-25794","Ipsos/Reuters",2016-09-27,2016-09-28,"If the 2016 presidential election were being held today and the candidates were as below, for whom would you vote?","Likely Voters",1336,3.1,"Internet","Nonpartisan","None"
"37",41,45,NA,14,"morning-consult-25787","Morning Consult",2016-09-26,2016-09-27,"If the 2016 presidential election were held today and the candidates were Democrat Hillary Clinton and Republican Donald Trump, for whom would you vote?","Likely Voters",1253,3,"Internet","Nonpartisan","None"
"38",38,44,7,10,"ipsos-reuters-25788","Ipsos/Reuters",2016-09-22,2016-09-26,"If the 2016 presidential election were being held today and the candidates were as below, for whom would you vote?","Likely Voters",1041,3.5,"Internet","Nonpartisan","None"
"39",44,51,NA,6,"nbc-surveymonkey-25719","NBC/SurveyMonkey",2016-09-19,2016-09-25,"If the 2016 presidential election were being held today among the following candidates, for whom would you vote?","Likely Voters",13598,1.1,"Internet","Nonpartisan","None"
"40",47,48,5,NA,"upi-cvoter-25668","UPI/CVOTER",2016-09-19,2016-09-25,NA,"Likely Voters",1052,3,"Internet","Nonpartisan","None"
"41",42,44,NA,4,"morning-consult-25644","Morning Consult",2016-09-22,2016-09-24,"If the 2016 presidential election were held today and the candidates were Democrat Hillary Clinton and Republican Donald Trump, for whom would you vote?","Likely Voters",1712,2,"Internet","Nonpartisan","None"
"42",46,46,3,4,"bloomberg-selzer-25650","Bloomberg/Selzer",2016-09-21,2016-09-24,"If the general election were held today, and the candidates were Hillary Clinton for the Democrats and Donald Trump for the Republicans, for whom would you vote?","Likely Voters",1002,NA,"Live Phone","Nonpartisan","None"
"43",44,47,5,5,"arg-25604","ARG",2016-09-17,2016-09-20,"If the election for president were being held today between Hillary Clinton, the Democrat, and Donald Trump, the Republican, for whom would you vote - Clinton or Trump?","Registered Voters",990,3.2,"Live Phone","Nonpartisan","None"
"44",41,48,9,2,"mcclatchy-marist-25630","McClatchy/Marist",2016-09-15,2016-09-20,"If November's presidential election were held today, whom would you support if the candidates are:","Likely Voters",758,3.6,"Live Phone","Nonpartisan","None"
"45",39,39,10,11,"ipsos-reuters-25593","Ipsos/Reuters",2016-09-15,2016-09-19,"If the 2016 presidential election were being held today and the candidates were as below, for whom would you vote?","Likely Voters",1111,3.4,"Internet","Nonpartisan","None"
"46",47,48,5,NA,"upi-cvoter-25594","UPI/CVOTER",2016-09-12,2016-09-18,NA,"Likely Voters",1203,3,"Internet","Nonpartisan","None"
"47",45,50,NA,6,"nbc-surveymonkey-25535","NBC/SurveyMonkey",2016-09-12,2016-09-18,"If the 2016 presidential election were being held today among the following candidates, for whom would you vote?","Likely Voters",13230,1.2,"Internet","Nonpartisan","None"
"48",42,46,NA,12,"morning-consult-25522","Morning Consult",2016-09-15,2016-09-16,"If the 2016 presidential election were held today and the candidates were Democrat Hillary Clinton and Republican Donald Trump, for whom would you vote?","Likely Voters",1639,2,"Internet","Nonpartisan","None"
"49",44,46,5,4,"cbs-times-25495","CBS/Times",2016-09-09,2016-09-13,NA,"Likely Voters",1433,NA,"Live Phone","Nonpartisan","None"
"50",43,48,3,6,"quinnipiac-25492","Quinnipiac",2016-09-08,2016-09-13,"If the election for President were being held today, and the candidates were Hillary Clinton the Democrat and Donald Trump the Republican, for whom would you vote?","Likely Voters",960,3.2,"Live Phone","Nonpartisan","None"
"51",39,40,9,11,"ipsos-reuters-25486","Ipsos/Reuters",2016-09-08,2016-09-12,"If the 2016 presidential election were being held today and the candidates were as below, for whom would you vote?","Likely Voters",1127,NA,"Internet","Nonpartisan","None"
"52",44,48,NA,8,"nbc-surveymonkey-25466","NBC/SurveyMonkey",2016-09-05,2016-09-11,"If the 2016 presidential election were being held today among the following candidates, for whom would you vote?","Registered Voters",16220,1.1,"Internet","Nonpartisan","None"
"53",49,46,5,NA,"upi-cvoter-25458","UPI/CVOTER",2016-09-05,2016-09-11,NA,"Likely Voters",1260,3,"Internet","Nonpartisan","None"
"54",43,44,NA,13,"morning-consult-25447","Morning Consult",2016-09-06,2016-09-08,"If the 2016 presidential election were held today and the candidates were Democrat Hillary Clinton and Republican Donald Trump, for whom would you vote?","Likely Voters",1710,2,"Internet","Nonpartisan","None"
"55",38,40,11,11,"ipsos-reuters-25441","Ipsos/Reuters",2016-09-01,2016-09-05,"If the 2016 presidential election were being held today and the candidates were as below, for whom would you vote?","Likely Voters",1084,NA,"Internet","Nonpartisan","None"
"56",47,49,5,NA,"upi-cvoter-25397","UPI/CVOTER",2016-08-29,2016-09-04,NA,"Likely Voters",1237,3,"Internet","Nonpartisan","None"
"57",42,48,NA,10,"nbc-surveymonkey-25341","NBC/SurveyMonkey",2016-08-29,2016-09-04,"If the 2016 presidential election were being held today among the following candidates, for whom would you vote?","Registered Voters",32226,1,"Internet","Nonpartisan","None"
"58",40,42,NA,18,"morning-consult-25336","Morning Consult",2016-09-01,2016-09-02,"If the 2016 presidential election were held today and the candidates were Democrat Hillary Clinton and Republican Donald Trump, for whom would you vote?","Registered Voters",2001,2,"Internet","Nonpartisan","None"
"59",43,44,4,8,"ibd-tipp-25331","IBD/TIPP",2016-08-26,2016-09-01,"If the 2016 election for the President of United States were held today and the candidates were Hillary Clinton the Democrat and Donald Trump the Republican, for whom would you vote?","Registered Voters",887,3.4,"Live Phone","Nonpartisan","None"
"60",39,40,9,12,"ipsos-reuters-25305","Ipsos/Reuters",2016-08-25,2016-08-29,"If the 2016 presidential election were being held today and the candidates were as below, for whom would you vote?","Likely Voters",1404,NA,"Internet","Nonpartisan","None"
"61",41,48,NA,11,"suffolk-usa-today-25319","Suffolk/USA Today",2016-08-24,2016-08-29,"If the general election was held today and the candidates were Democrat Hillary Clinton or Republican Donald Trump, for whom will you vote or lean toward?","Likely Voters",1000,3,"Live Phone","Nonpartisan","None"
"62",47,50,3,NA,"upi-cvoter-25291","UPI/CVOTER",2016-08-22,2016-08-28,NA,"Likely Voters",1145,3,"Internet","Nonpartisan","None"
"63",42,48,NA,10,"nbc-surveymonkey-25289","NBC/SurveyMonkey",2016-08-22,2016-08-28,"If the 2016 presidential election were being held today among the following candidates, for whom would you vote?","Registered Voters",24104,1,"Internet","Nonpartisan","None"
"64",40,43,NA,17,"morning-consult-25276","Morning Consult",2016-08-24,2016-08-26,"If the 2016 presidential election were held today and the candidates were Democrat Hillary Clinton and Republican Donald Trump, for whom would you vote?","Registered Voters",2007,2,"Internet","Nonpartisan","None"
"65",35,42,9,13,"ipsos-reuters-25260","Ipsos/Reuters",2016-08-20,2016-08-24,"If the 2016 presidential election were being held today and the candidates were as below, for whom would you vote?","Likely Voters",1049,NA,"Internet","Nonpartisan","None"
"66",41,51,3,4,"quinnipiac-25263","Quinnipiac",2016-08-18,2016-08-24,"If the election for President were being held today, and the candidates were Hillary Clinton the Democrat and Donald Trump the Republican, for whom would you vote?","Likely Voters",1498,2.5,"Live Phone","Nonpartisan","None"
"67",47,48,5,NA,"upi-cvoter-25238","UPI/CVOTER",2016-08-15,2016-08-21,NA,"Likely Voters",1259,3,"Internet","Nonpartisan","None"
"68",42,50,NA,8,"nbc-surveymonkey-25235","NBC/SurveyMonkey",2016-08-15,2016-08-21,"If the 2016 presidential election were being held today among the following candidates, for whom would you vote?","Registered Voters",17459,1.1,"Internet","Nonpartisan","None"
"69",38,44,NA,18,"morning-consult-25218","Morning Consult",2016-08-18,2016-08-20,"If the 2016 presidential election were held today and the candidates were Democrat Hillary Clinton and Republican Donald Trump, for whom would you vote?","Registered Voters",2001,2,"Internet","Nonpartisan","None"
"70",42,47,6,5,"arg-25231","ARG",2016-08-17,2016-08-20,"If the election for president were being held today between Hillary Clinton, the Democrat, and Donald Trump, the Republican, for whom would you vote - Clinton or Trump?","Registered Voters",994,3.2,"Live Phone","Nonpartisan","None"
"71",36,41,10,13,"ipsos-reuters-25213","Ipsos/Reuters",2016-08-13,2016-08-17,"If the 2016 presidential election were being held today and the candidates were as below, for whom would you vote?","Likely Voters",1049,NA,"Internet","Nonpartisan","None"
"72",35,48,7,10,"public-religion-research-institute--25256","Public Religion Research Institute",2016-08-10,2016-08-16,NA,"Registered Voters",1630,2.9,"Live Phone","Nonpartisan","None"
"73",40,50,5,5,"normington-petts-associates-d-end-citizens-united--25217","Normington, Petts & Associates (D-End Citizens United)",2016-08-09,2016-08-15,"If the general election for President was held today and the candidates were: Democrat Hillary Clinton or Republican Donald Trump, for whom would you vote?","Likely Voters",1000,3.1,"Live Phone","Sponsor","Dem"
"74",37,44,NA,18,"morning-consult-25179","Morning Consult",2016-08-11,2016-08-14,"If the 2016 presidential election were held today and the candidates were Democrat Hillary Clinton and Republican Donald Trump, for whom would you vote?","Registered Voters",2001,2,"Internet","Nonpartisan","None"
"75",45,51,5,NA,"upi-cvoter-25186","UPI/CVOTER",2016-08-08,2016-08-14,NA,"Likely Voters",975,3,"Internet","Nonpartisan","None"
"76",41,50,NA,8,"nbc-surveymonkey-25182","NBC/SurveyMonkey",2016-08-08,2016-08-14,"If the 2016 presidential election were being held today among the following candidates, for whom would you vote?","Registered Voters",15179,1.2,"Internet","Nonpartisan","None"
"77",36,42,10,12,"ipsos-reuters-25129","Ipsos/Reuters",2016-08-06,2016-08-10,"If the 2016 presidential election were being held today and the candidates were as below, for whom would you vote?","Likely Voters",974,NA,"Internet","Nonpartisan","None"
"78",39,45,3,12,"psrai-25137","PSRAI",2016-08-04,2016-08-07,NA,"Registered Voters",798,4.4,"Live Phone","Nonpartisan","None"
"79",44,49,7,NA,"upi-cvoter-25098","UPI/CVOTER",2016-08-01,2016-08-07,NA,"Likely Voters",960,3,"Internet","Nonpartisan","None"
"80",41,51,NA,8,"nbc-surveymonkey-25094","NBC/SurveyMonkey",2016-08-01,2016-08-07,"If the 2016 presidential election were being held today among the following candidates, for whom would you vote?","Registered Voters",11480,1.2,"Internet","Nonpartisan","None"
"81",37,46,NA,18,"morning-consult-25078","Morning Consult",2016-08-04,2016-08-05,"If the 2016 presidential election were held today and the candidates were Democrat Hillary Clinton and Republican Donald Trump, for whom would you vote?","Registered Voters",2001,2,"Internet","Nonpartisan","None"
"82",44,51,3,1,"abc-post-25077","ABC/Post",2016-08-01,2016-08-04,"If the presidential election were held today and the candidates were (Hillary Clinton, the Democrat) and Donald Trump, (the Republican), for whom would you vote for?","Likely Voters",682,4,"Live Phone","Nonpartisan","None"
"83",39,46,5,11,"ibd-tipp-25071","IBD/TIPP",2016-07-29,2016-08-04,"If the 2016 election for the President of United States were held today and the candidates were Hillary Clinton the Democrat and Donald Trump the Republican, for whom would you vote?","Registered Voters",851,3.4,"Live Phone","Nonpartisan","None"
"84",33,48,14,5,"mcclatchy-marist-25067","McClatchy/Marist",2016-08-01,2016-08-03,"If November's presidential election were held today, whom would you support if the candidates are:","Registered Voters",983,3.1,"Live Phone","Nonpartisan","None"
"85",38,47,11,4,"nbc-wsj-25068","NBC/WSJ",2016-07-31,2016-08-03,"If the next election for president were held today, with (ROTATE) … Donald Trump and Mike Pence as the Republican candidates, and Hillary Clinton and Tim Kaine as the Democratic candidates, for whom would you vote?","Registered Voters",800,3.46,"Live Phone","Nonpartisan","None"
"86",39,43,9,10,"ipsos-reuters-25063","Ipsos/Reuters",2016-07-30,2016-08-03,"If the 2016 presidential election were being held today and the candidates were as below, for whom would you vote?","Likely Voters",1072,NA,"Internet","Nonpartisan","None"
"87",39,49,5,8,"fox-25054","FOX",2016-07-31,2016-08-02,NA,"Registered Voters",1022,3,"Live Phone","Nonpartisan","None"
"88",43,52,5,0,"cnn-25037","CNN",2016-07-29,2016-07-31,"Suppose that the presidential election were being held today and you had to choose between Hillary Clinton and Tim Kaine as the Democratic Party’s candidates, and Donald Trump and Mike Pence as the Republican Party’s candidates. Who would you be more likely to vote for?","Registered Voters",894,3.5,"Live Phone","Nonpartisan","None"
"89",41,47,3,10,"cbs-25024","CBS",2016-07-29,2016-07-31,"f the 2016 presidential election were being held today and the candidates were Hillary Clinton, the Democrat, and Donald Trump, the Republican, would you vote for Hillary Clinton or Donald Trump? (IF DEPENDS OR DON’T KNOW):Well as of today, do you lean more toward Hillary Clinton or more toward Donald Trump?","Registered Voters",1131,NA,"Live Phone","Nonpartisan","None"
"90",46,49,5,NA,"upi-cvoter-25060","UPI/CVOTER",2016-07-25,2016-07-31,NA,"Likely Voters",989,3,"Internet","Nonpartisan","None"
"91",42,50,NA,8,"nbc-surveymonkey-25039","NBC/SurveyMonkey",2016-07-25,2016-07-31,"If the 2016 presidential election were being held today among the following candidates, for whom would you vote?","Registered Voters",12742,1.2,"Internet","Nonpartisan","None"
"92",40,43,NA,17,"morning-consult-25023","Morning Consult",2016-07-29,2016-07-30,"If the 2016 presidential election were held today and the candidates were Democrat Hillary Clinton and Republican Donald Trump, for whom would you vote?","Registered Voters",1931,2,"Internet","Nonpartisan","None"
"93",35,40,8,17,"ipsos-reuters-25002","Ipsos/Reuters",2016-07-25,2016-07-29,"If the 2016 presidential election were being held today and the candidates were as below, for whom would you vote?","Likely Voters",1050,NA,"Internet","Nonpartisan","None"
"94",42,43,10,4,"rasmussen-24988","Rasmussen",2016-07-26,2016-07-27,"If the 2016 presidential election were held today, would you vote for Republican Donald Trump or Democrat Hillary Clinton?","Likely Voters",1000,3,"IVR/Online","Nonpartisan","None"
"95",44,43,4,10,"cbs-24956","CBS",2016-07-22,2016-07-24,"f the 2016 presidential election were being held today and the candidates were Hillary Clinton, the Democrat, and Donald Trump, the Republican, would you vote for Hillary Clinton or Donald Trump? (IF DEPENDS OR DON’T KNOW):Well as of today, do you lean more toward Hillary Clinton or more toward Donald Trump?","Registered Voters",1118,4,"Live Phone","Nonpartisan","None"
"96",48,45,6,1,"cnn-24955","CNN",2016-07-22,2016-07-24,"Suppose that the presidential election were being held today and you had to choose between Hillary Clinton as the Democratic Party’s candidate, and Donald Trump and Mike Pence as the Republican Party’s candidates. Who would you be more likely to vote for?","Registered Voters",882,3.5,"Live Phone","Nonpartisan","None"
"97",44,40,NA,16,"morning-consult-24954","Morning Consult",2016-07-22,2016-07-24,"If the 2016 presidential election were held today and the candidates were Democrat Hillary Clinton and Republican Donald Trump, for whom would you vote?","Registered Voters",2502,2,"Internet","Nonpartisan","None"
"98",42,46,4,8,"university-of-delaware-psrai-24970","University of Delaware/PSRAI",2016-07-21,2016-07-24,"Now, suppose the 2016 presidential election were being held TODAY. If you had to choose between [READ AND RANDOMIZE CLINTON/TRUMP] who would you vote for?","Registered Voters",818,NA,"Live Phone","Nonpartisan","None"
"99",45,46,NA,9,"nbc-surveymonkey-24964","NBC/SurveyMonkey",2016-07-18,2016-07-24,"If the 2016 presidential election were being held today among the following candidates, for whom would you vote?","Registered Voters",12931,1.2,"Internet","Nonpartisan","None"
"100",51,49,NA,NA,"gravis-marketing-oann-24953","Gravis Marketing/OANN",2016-07-21,2016-07-22,NA,"Registered Voters",3462,1.7,"Automated Phone","Sponsor","Rep"
"101",42,43,6,9,"arg-24947","ARG",2016-07-17,2016-07-20,"If the election for president were being held today between Hillary Clinton, the Democrat, and Donald Trump, the Republican, for whom would you vote - Clinton or Trump?","Registered Voters",990,3.2,"Live Phone","Nonpartisan","None"
"102",36,40,13,11,"ipsos-reuters-24949","Ipsos/Reuters",2016-07-16,2016-07-20,"If the 2016 presidential election were being held today and the candidates were as below, for whom would you vote?","Registered Voters",1232,NA,"Internet","Nonpartisan","None"
"103",43,42,11,4,"rasmussen-24946","Rasmussen",2016-07-18,2016-07-19,"If the 2016 presidential election were held today, would you vote for Republican Donald Trump or Democrat Hillary Clinton?","Likely Voters",1000,3,"IVR/Online","Nonpartisan","None"
"104",45,46,NA,9,"nbc-surveymonkey-24929","NBC/SurveyMonkey",2016-07-11,2016-07-17,"If the 2016 presidential election were being held today among the following candidates, for whom would you vote?","Registered Voters",9436,1.4,"Internet","Nonpartisan","None"
"105",39,41,NA,20,"morning-consult-24914","Morning Consult",2016-07-14,2016-07-16,"If the 2016 presidential election were held today and the candidates were Democrat Hillary Clinton and Republican Donald Trump, for whom would you vote?","Registered Voters",2002,NA,"Internet","Nonpartisan","None"
"106",42,49,8,1,"cnn-24908","CNN",2016-07-13,2016-07-16,"Suppose that the presidential election were being held today and you had to choose between Hillary Clinton as the Democratic Party’s candidate, and Donald Trump and Mike Pence as the Republican Party’s candidates. Who would you be more likely to vote for?","Registered Voters",872,3.5,"Live Phone","Nonpartisan","None"
"107",41,46,NA,13,"icitizen-24935","ICITIZEN",2016-07-12,2016-07-15,"If the November 2016 general election for U.S. President were held today and these were the candidates, for whom would you vote?","Registered Voters",1000,NA,"Internet","Nonpartisan","None"
"108",43,47,8,2,"abc-post-24904","ABC/Post",2016-07-11,2016-07-14,"If the presidential election were held today and the candidates were (Hillary Clinton, the Democrat) and Donald Trump, (the Republican), for whom would you vote for?","Registered Voters",816,4,"Live Phone","Nonpartisan","None"
"109",44,37,13,6,"rasmussen-24884","Rasmussen",2016-07-12,2016-07-13,"If the 2016 presidential election were held today, would you vote for Republican Donald Trump or Democrat Hillary Clinton?","Likely Voters",1000,3,"IVR/Online","Nonpartisan","None"
"110",41,46,9,4,"nbc-wsj-24903","NBC/WSJ",2016-07-09,2016-07-13,"And, if the election for president were held today, and Donald Trump were the Republican candidate, and Hillary Clinton were the Democratic candidate for whom would you vote?","Registered Voters",1000,3.1,"Live Phone","Nonpartisan","None"
"111",40,40,4,15,"cbs-times-24883","CBS/Times",2016-07-08,2016-07-12,"If the 2016 presidential election were being held today and the candidates were Hillary Clinton, the Democrat, and Donald Trump, the Republican, would you vote for Hillary Clinton or Donald Trump?","Registered Voters",1358,NA,"Live Phone","Nonpartisan","None"
"112",41,42,NA,18,"morning-consult-24853","Morning Consult",2016-07-08,2016-07-10,NA,"Registered Voters",2001,2,"Internet","Nonpartisan","None"
"113",44,47,NA,10,"nbc-surveymonkey-24859","NBC/SurveyMonkey",2016-07-04,2016-07-10,NA,"Registered Voters",7869,1.4,"Internet","Nonpartisan","None"
"114",39,42,14,4,"mcclatchy-marist-24872","McClatchy/Marist",2016-07-05,2016-07-09,"If November's presidential election were held today, whom would you support if the candidates are:","Registered Voters",1053,3,"Live Phone","Nonpartisan","None"
"115",33,44,12,11,"ipsos-reuters-24829","Ipsos/Reuters",2016-07-02,2016-07-06,NA,"Registered Voters",1345,NA,"Internet","Nonpartisan","None"
"116",40,41,NA,19,"morning-consult-24822","Morning Consult",2016-06-30,2016-07-04,NA,"Registered Voters",2001,2,"Internet","Nonpartisan","None"
"117",43,48,NA,9,"nbc-surveymonkey-24814","NBC/SurveyMonkey",2016-06-27,2016-07-03,NA,"Registered Voters",10072,1.3,"Internet","Nonpartisan","None"
"118",43,39,12,5,"rasmussen-24800","Rasmussen",2016-06-28,2016-06-29,NA,"Likely Voters",1000,3,"IVR/Online","Nonpartisan","None"
"119",40,46,NA,14,"suffolk-usa-today-24813","Suffolk/USA Today",2016-06-26,2016-06-29,NA,"Likely Voters",1000,3,"Live Phone","Nonpartisan","None"
"120",32,42,14,12,"ipsos-reuters-24802","Ipsos/Reuters",2016-06-25,2016-06-29,NA,"Registered Voters",1247,NA,"Internet","Nonpartisan","None"
"121",40,44,9,7,"ibd-tipp-24805","IBD/TIPP",2016-06-24,2016-06-29,NA,"Registered Voters",837,NA,"Live Phone","Nonpartisan","None"
"122",46,50,4,NA,"gravis-marketing-oann-24815","Gravis Marketing/OANN",2016-06-27,2016-06-28,NA,"Registered Voters",2162,2.1,"Automated Phone","Sponsor","Rep"
"123",38,44,7,10,"fox-24803","FOX",2016-06-26,2016-06-28,NA,"Registered Voters",1017,3,"Live Phone","Nonpartisan","None"
"124",39,44,NA,18,"morning-consult-24776","Morning Consult",2016-06-24,2016-06-27,NA,"Registered Voters",4001,2,"Internet","Nonpartisan","None"
"125",40,42,6,12,"quinnipiac-24794","Quinnipiac",2016-06-21,2016-06-27,NA,"Registered Voters",1610,2.4,"Live Phone","Nonpartisan","None"
"126",41,49,NA,10,"nbc-surveymonkey-24791","NBC/SurveyMonkey",2016-06-20,2016-06-26,NA,"Registered Voters",5818,1.8,"Internet","Nonpartisan","None"
"127",39,51,8,2,"abc-post-24764","ABC/Post",2016-06-20,2016-06-23,NA,"Registered Voters",836,4,"Live Phone","Nonpartisan","None"
"128",41,46,11,2,"nbc-wsj-24765","NBC/WSJ",2016-06-19,2016-06-23,NA,"Registered Voters",1000,3.1,"Live Phone","Nonpartisan","None"
"129",34,44,13,10,"ipsos-reuters-24752","Ipsos/Reuters",2016-06-18,2016-06-22,NA,"Registered Voters",1339,NA,"Internet","Nonpartisan","None"
"130",39,44,11,6,"rasmussen-24754","Rasmussen",2016-06-20,2016-06-21,NA,"Likely Voters",1000,3,"IVR/Online","Nonpartisan","None"
"131",41,50,3,6,"arg-24728","ARG",2016-06-17,2016-06-20,NA,"Registered Voters",987,3.2,"Live Phone","Nonpartisan","None"
"132",40,42,NA,17,"morning-consult-24717","Morning Consult",2016-06-15,2016-06-20,NA,"Registered Voters",3891,2,"Internet","Nonpartisan","None"
"133",42,47,10,1,"cnn-24723","CNN",2016-06-16,2016-06-19,NA,"Registered Voters",891,3.5,"Live Phone","Nonpartisan","None"
"134",40,47,5,8,"monmouth-university-24712","Monmouth University",2016-06-15,2016-06-19,NA,"Registered Voters",803,3.5,"Live Phone","Nonpartisan","None"
"135",42,48,NA,10,"nbc-surveymonkey-24724","NBC/SurveyMonkey",2016-06-13,2016-06-19,NA,"Registered Voters",16135,1.1,"Internet","Nonpartisan","None"
"136",45,50,5,NA,"gravis-marketing-oann-24702","Gravis Marketing/OANN",2016-06-16,2016-06-16,NA,"Registered Voters",2197,2.1,"Automated Phone","Sponsor","Rep"
"137",39,44,14,4,"rasmussen-24690","Rasmussen",2016-06-14,2016-06-15,NA,"Likely Voters",1000,3,"IVR/Online","Nonpartisan","None"
"138",32,41,15,11,"ipsos-reuters-24692","Ipsos/Reuters",2016-06-11,2016-06-15,NA,"Registered Voters",1323,NA,"Internet","Nonpartisan","None"
"139",35,40,16,9,"cnbc-24718","CNBC",2016-06-11,2016-06-13,NA,"Registered Voters",801,3.5,"Live Phone","Nonpartisan","None"
"140",37,43,5,15,"cbs-24687","CBS",2016-06-09,2016-06-13,NA,"Registered Voters",1048,4,"Live Phone","Nonpartisan","None"
"141",42,49,NA,9,"nbc-surveymonkey-24667","NBC/SurveyMonkey",2016-06-06,2016-06-12,NA,"Registered Voters",9355,1.4,"Internet","Nonpartisan","None"
"142",37,42,NA,21,"morning-consult-24673","Morning Consult",2016-06-08,2016-06-09,NA,"Registered Voters",1362,3,"Internet","Nonpartisan","None"
"143",39,42,7,12,"fox-24646","FOX",2016-06-05,2016-06-08,NA,"Registered Voters",1004,3,"Live Phone","Nonpartisan","None"
"144",34,42,12,11,"ipsos-reuters-24644","Ipsos/Reuters",2016-06-04,2016-06-08,NA,"Registered Voters",1440,NA,"Internet","Nonpartisan","None"
"145",38,42,15,5,"rasmussen-24642","Rasmussen",2016-06-06,2016-06-07,NA,"Likely Voters",1000,3,"IVR/Online","Nonpartisan","None"
"146",41,44,6,9,"yougov-economist-24633","YouGov/Economist",2016-06-02,2016-06-05,NA,"Registered Voters",1636,3.6,"Internet","Nonpartisan","None"
"147",40,44,NA,16,"morning-consult-24629","Morning Consult",2016-06-01,2016-06-05,NA,"Registered Voters",4002,2,"Internet","Nonpartisan","None"
"148",40,45,9,7,"ibd-tipp-24625","IBD/TIPP",2016-05-31,2016-06-05,NA,"Registered Voters",828,NA,"Live Phone","Nonpartisan","None"
"149",44,48,NA,9,"nbc-surveymonkey-24631","NBC/SurveyMonkey",2016-05-30,2016-06-05,NA,"Registered Voters",9240,1.4,"Internet","Nonpartisan","None"
"150",38,39,18,5,"rasmussen-24597","Rasmussen",2016-05-31,2016-06-01,NA,"Likely Voters",1000,3,"IVR/Online","Nonpartisan","None"
"151",34,43,13,10,"ipsos-reuters-24596","Ipsos/Reuters",2016-05-28,2016-06-01,NA,"Registered Voters",1332,NA,"Internet","Nonpartisan","None"
"152",39,42,NA,18,"morning-consult-24589","Morning Consult",2016-05-24,2016-05-30,NA,"Registered Voters",4002,2,"Internet","Nonpartisan","None"
"153",41,45,3,11,"quinnipiac-24586","Quinnipiac",2016-05-24,2016-05-30,NA,"Registered Voters",1561,2.5,"Live Phone","Nonpartisan","None"
"154",45,47,NA,8,"nbc-surveymonkey-24575","NBC/SurveyMonkey",2016-05-23,2016-05-29,NA,"Registered Voters",12969,1.2,"Internet","Nonpartisan","None"
"155",36,41,13,10,"ipsos-reuters-24559","Ipsos/Reuters",2016-05-21,2016-05-25,NA,"Registered Voters",1271,NA,"Internet","Nonpartisan","None"
"156",39,40,14,7,"rasmussen-24560","Rasmussen",2016-05-23,2016-05-24,NA,"Likely Voters",1000,3,"IVR/Online","Nonpartisan","None"
"157",41,42,7,10,"yougov-economist-24557","YouGov/Economist",2016-05-20,2016-05-23,NA,"Registered Voters",1622,3.5,"Internet","Nonpartisan","None"
"158",40,42,NA,18,"morning-consult-24544","Morning Consult",2016-05-19,2016-05-23,NA,"Registered Voters",2001,1,"Internet","Nonpartisan","None"
"159",43,47,NA,9,"nbc-surveymonkey-24539","NBC/SurveyMonkey",2016-05-16,2016-05-22,NA,"Registered Voters",14513,1,"Internet","Nonpartisan","None"
"160",46,46,2,6,"arg-24535","ARG",2016-05-17,2016-05-20,NA,"Registered Voters",980,3.2,"Live Phone","Nonpartisan","None"
"161",42,44,NA,14,"schoen-d--24527","Schoen (D)",2016-05-16,2016-05-19,NA,"Likely Voters",1000,3,"Live Phone","Pollster","Dem"
"162",46,44,7,3,"abc-post-24526","ABC/Post",2016-05-16,2016-05-19,NA,"Registered Voters",829,3.5,"Live Phone","Nonpartisan","None"
"163",43,46,9,2,"nbc-wsj-24525","NBC/WSJ",2016-05-15,2016-05-19,NA,"Registered Voters",1000,3.1,"Live Phone","Nonpartisan","None"
"164",42,37,13,7,"rasmussen-24514","Rasmussen",2016-05-17,2016-05-18,NA,"Likely Voters",1000,3,"IVR/Online","Nonpartisan","None"
"165",36,41,14,9,"ipsos-reuters-24517","Ipsos/Reuters",2016-05-14,2016-05-18,NA,"Registered Voters",1397,NA,"Internet","Nonpartisan","None"
"166",45,42,3,9,"fox-24512","FOX",2016-05-14,2016-05-17,NA,"Registered Voters",1021,3,"Live Phone","Nonpartisan","None"
"167",41,47,2,10,"cbs-times-24521","CBS/Times",2016-05-13,2016-05-17,NA,"Registered Voters",1109,NA,"Live Phone","Nonpartisan","None"
"168",42,46,NA,12,"mclaughlin-r--24510","McLaughlin (R)",2016-05-11,2016-05-16,NA,"Likely Voters",1000,3.1,"Internet","Pollster","Rep"
"169",40,42,NA,17,"morning-consult-24498","Morning Consult",2016-05-11,2016-05-15,NA,"Registered Voters",3971,2,"Internet","Nonpartisan","None"
"170",45,48,NA,7,"nbc-surveymonkey-24497","NBC/SurveyMonkey",2016-05-09,2016-05-15,NA,"Registered Voters",12507,1.2,"Internet","Nonpartisan","None"
"171",37,41,14,8,"ipsos-reuters-24487","Ipsos/Reuters",2016-05-07,2016-05-11,NA,"Registered Voters",1397,NA,"Internet","Nonpartisan","None"
"172",49,51,NA,NA,"gravis-marketing-oann-24484","Gravis Marketing/OANN",2016-05-10,2016-05-10,NA,"Registered Voters",1574,2.5,"Automated Phone","Sponsor","Rep"
"173",40,42,6,12,"yougov-economist-24478","YouGov/Economist",2016-05-06,2016-05-09,NA,"Registered Voters",1612,NA,"Internet","Nonpartisan","None"
"174",38,44,NA,18,"morning-consult-24474","Morning Consult",2016-05-05,2016-05-09,NA,"Registered Voters",6005,1,"Internet","Nonpartisan","None"
"175",44,49,NA,7,"nbc-surveymonkey-24468","NBC/SurveyMonkey",2016-05-02,2016-05-08,NA,"Registered Voters",11089,1.3,"Internet","Nonpartisan","None"
"176",36,45,10,8,"ipsos-reuters-24447","Ipsos/Reuters",2016-04-30,2016-05-04,NA,"Registered Voters",1102,NA,"Internet","Nonpartisan","None"
"177",40,45,NA,15,"morning-consult-24431","Morning Consult",2016-04-29,2016-05-02,NA,"Registered Voters",1976,2,"Internet","Nonpartisan","None"
"178",41,54,5,0,"cnn-24438","CNN",2016-04-28,2016-05-01,NA,"Registered Voters",890,3.5,"Live Phone","Nonpartisan","None"
"179",37,43,NA,20,"nbc-surveymonkey-24429","NBC/SurveyMonkey",2016-04-25,2016-05-01,NA,"Registered Voters",12462,1.2,"Internet","Nonpartisan","None"
"180",41,39,15,5,"rasmussen-24426","Rasmussen",2016-04-27,2016-04-28,NA,"Likely Voters",1000,3,"IVR/Online","Nonpartisan","None"
"181",40,47,7,5,"ibd-tipp-24414","IBD/TIPP",2016-04-22,2016-04-28,NA,"Registered Voters",814,NA,"Live Phone","Nonpartisan","None"
"182",36,43,13,9,"ipsos-reuters-24395","Ipsos/Reuters",2016-04-23,2016-04-27,NA,"Registered Voters",1756,NA,"Internet","Nonpartisan","None"
"183",38,38,16,2,"rasmussen-24400","Rasmussen",2016-04-25,2016-04-26,NA,"Likely Voters",1000,3,"IVR/Online","Nonpartisan","None"
"184",40,43,5,13,"yougov-economist-24390","YouGov/Economist",2016-04-22,2016-04-26,NA,"Registered Voters",1561,NA,"Internet","Nonpartisan","None"
"185",39,50,NA,10,"suffolk-usa-today-24356","Suffolk/USA Today",2016-04-20,2016-04-24,NA,"Likely Voters",1000,3,"Live Phone","Nonpartisan","None"
"186",36,44,NA,20,"nbc-surveymonkey-24362","NBC/SurveyMonkey",2016-04-18,2016-04-24,NA,"Registered Voters",9405,1.4,"Internet","Nonpartisan","None"
"187",40,46,NA,15,"morning-consult-24410","Morning Consult",2016-04-20,2016-04-22,NA,"Registered Voters",2003,2,"Internet","Nonpartisan","None"
"188",40,47,NA,14,"zogby-internet--24393","Zogby (Internet)",2016-04-19,2016-04-20,NA,"Likely Voters",834,3.5,"Internet","Nonpartisan","None"
"189",43,46,NA,11,"gwu-battleground-24342","GWU/Battleground",2016-04-17,2016-04-20,NA,"Likely Voters",1000,3.1,"Live Phone","Nonpartisan","None"
"190",33,44,12,12,"ipsos-reuters-24323","Ipsos/Reuters",2016-04-16,2016-04-20,NA,"Registered Voters",1334,NA,"Internet","Nonpartisan","None"
"191",37,46,NA,17,"morning-consult-24302","Morning Consult",2016-04-15,2016-04-17,NA,"Registered Voters",2032,2,"Internet","Nonpartisan","None"
"192",39,48,NA,13,"nbc-surveymonkey-24307","NBC/SurveyMonkey",2016-04-11,2016-04-17,NA,"Registered Voters",11498,1.3,"Internet","Nonpartisan","None"
"193",39,50,9,2,"nbc-wsj-24305","NBC/WSJ",2016-04-10,2016-04-14,NA,"Registered Voters",1000,3.1,"Live Phone","Nonpartisan","None"
"194",41,48,2,8,"fox-24280","FOX",2016-04-11,2016-04-13,NA,"Registered Voters",1021,3,"Live Phone","Nonpartisan","None"
"195",34,43,15,7,"ipsos-reuters-24278","Ipsos/Reuters",2016-04-09,2016-04-13,NA,"Registered Voters",1424,NA,"Internet","Nonpartisan","None"
"196",40,50,1,8,"cbs-24282","CBS",2016-04-08,2016-04-12,NA,"Registered Voters",1098,NA,"Live Phone","Nonpartisan","None"
"197",37,46,NA,16,"morning-consult-24311","Morning Consult",2016-04-08,2016-04-11,NA,"Registered Voters",4015,2,"Internet","Nonpartisan","None"
"198",36,43,0,21,"nbc-surveymonkey-24251","NBC/SurveyMonkey",2016-04-04,2016-04-10,NA,"Registered Voters",11204,1.3,"Internet","Nonpartisan","None"
"199",34,39,16,11,"ipsos-reuters-24232","Ipsos/Reuters",2016-04-02,2016-04-06,NA,"Registered Voters",1325,NA,"Internet","Nonpartisan","None"
"200",38,45,NA,17,"morning-consult-24207","Morning Consult",2016-04-01,2016-04-03,NA,"Registered Voters",2004,2,"Internet","Nonpartisan","None"
"201",33,45,NA,21,"nbc-surveymonkey-24206","NBC/SurveyMonkey",2016-03-28,2016-04-03,NA,"Registered Voters",12116,NA,"Internet","Nonpartisan","None"
"202",35,47,9,9,"ibd-tipp-24194","IBD/TIPP",2016-03-28,2016-04-02,NA,"Registered Voters",819,NA,"Live Phone","Nonpartisan","None"
"203",41,50,NA,9,"mcclatchy-marist-24230","McClatchy/Marist",2016-03-29,2016-03-31,NA,"Registered Voters",1066,3,"Live Phone","Nonpartisan","None"
"204",32,45,13,9,"ipsos-reuters-24179","Ipsos/Reuters",2016-03-27,2016-03-31,NA,"Registered Voters",1580,NA,"Internet","Nonpartisan","None"
"205",41,45,6,7,"yougov-economist-24181","YouGov/Economist",2016-03-26,2016-03-29,NA,"Registered Voters",1613,NA,"Internet","Nonpartisan","None"
"206",41,48,NA,11,"ppp-d--24178","PPP (D)",2016-03-24,2016-03-26,NA,"Likely Voters",1083,3,"IVR/Online","Pollster","Dem"
"207",38,44,NA,18,"morning-consult-24158","Morning Consult",2016-03-24,2016-03-26,NA,"Registered Voters",2071,2,"Internet","Nonpartisan","None"
"208",40,53,1,6,"gqr-d-democracy-corps-women-s-voices-women-vote--24187","GQR (D-Democracy Corps/Women's Voices Women Vote)",2016-03-17,2016-03-24,NA,"Likely Voters",900,3.27,"Live Phone","Sponsor","Dem"
"209",35,43,9,13,"ipsos-reuters-24148","Ipsos/Reuters",2016-03-19,2016-03-23,NA,"Registered Voters",1311,NA,"Internet","Nonpartisan","None"
"210",41,48,NA,12,"mclaughlin-r--24168","McLaughlin (R)",2016-03-17,2016-03-23,NA,"Likely Voters",1002,3.1,"Internet","Pollster","Rep"
"211",38,49,2,11,"fox-24141","FOX",2016-03-20,2016-03-22,NA,"Registered Voters",1016,3,"Live Phone","Nonpartisan","None"
"212",36,54,NA,9,"bloomberg-selzer-24140","Bloomberg/Selzer",2016-03-19,2016-03-22,NA,"Likely Voters",815,3.4,"Live Phone","Nonpartisan","None"
"213",38,45,NA,18,"morning-consult-24122","Morning Consult",2016-03-18,2016-03-21,NA,"Registered Voters",2001,2,"Internet","Nonpartisan","None"
"214",40,46,3,11,"quinnipiac-24134","Quinnipiac",2016-03-16,2016-03-21,NA,"Registered Voters",1451,2.7,"Live Phone","Nonpartisan","None"
"215",38,48,2,12,"monmouth-university-24144","Monmouth University",2016-03-17,2016-03-20,NA,"Registered Voters",848,3.4,"Live Phone","Nonpartisan","None"
"216",40,50,1,9,"cbs-times-24128","CBS/Times",2016-03-17,2016-03-20,NA,"Registered Voters",1058,3,"Live Phone","Nonpartisan","None"
"217",41,53,6,0,"cnn-24127","CNN",2016-03-17,2016-03-20,NA,"Registered Voters",925,3,"Live Phone","Nonpartisan","None"
"218",37,42,13,8,"ipsos-reuters-24103","Ipsos/Reuters",2016-03-12,2016-03-16,NA,"Registered Voters",1437,NA,"Internet","Nonpartisan","None"
"219",37,47,NA,16,"morning-consult-24088","Morning Consult",2016-03-11,2016-03-13,NA,"Registered Voters",2978,NA,"Internet","Nonpartisan","None"
"220",42,43,8,7,"yougov-economist-24084","YouGov/Economist",2016-03-10,2016-03-12,NA,"Registered Voters",1647,NA,"Internet","Nonpartisan","None"
"221",31,45,13,11,"ipsos-reuters-24040","Ipsos/Reuters",2016-03-05,2016-03-09,NA,"Registered Voters",1594,NA,"Internet","Nonpartisan","None"
"222",38,46,NA,16,"morning-consult-24011","Morning Consult",2016-03-04,2016-03-06,NA,"Registered Voters",1516,NA,"Internet","Nonpartisan","None"
"223",38,51,9,2,"nbc-wsj-24016","NBC/WSJ",2016-03-03,2016-03-06,NA,"Registered Voters",1200,2.83,"Live Phone","Nonpartisan","None"
"224",41,50,4,6,"abc-post-24009","ABC/Post",2016-03-03,2016-03-06,NA,"Registered Voters",864,4,"Live Phone","Nonpartisan","None"
"225",35,46,10,10,"ipsos-reuters-23970","Ipsos/Reuters",2016-02-27,2016-03-02,NA,"Registered Voters",1381,NA,"Internet","Nonpartisan","None"
"226",36,41,21,3,"rasmussen-23960","Rasmussen",2016-02-29,2016-03-01,NA,"Likely Voters",1000,3,"IVR/Online","Nonpartisan","None"
"227",43,44,NA,13,"morning-consult-23918","Morning Consult",2016-02-26,2016-02-27,NA,"Registered Voters",1182,2,"Internet","Nonpartisan","None"
"228",44,52,4,NA,"cnn-23952","CNN",2016-02-24,2016-02-27,NA,"Registered Voters",920,3,"Live Phone","Nonpartisan","None"
"229",35,44,10,11,"ipsos-reuters-23865","Ipsos/Reuters",2016-02-20,2016-02-24,NA,"Registered Voters",1246,NA,"Internet","Nonpartisan","None"
"230",42,47,2,8,"fox-23803","FOX",2016-02-15,2016-02-17,NA,"Registered Voters",1031,3,"Live Phone","Nonpartisan","None"
"231",37,44,10,9,"ipsos-reuters-23811","Ipsos/Reuters",2016-02-13,2016-02-17,NA,"Registered Voters",1213,NA,"Internet","Nonpartisan","None"
"232",42,43,NA,16,"morning-consult-23766","Morning Consult",2016-02-15,2016-02-16,NA,"Registered Voters",883,NA,"Internet","Nonpartisan","None"
"233",40,50,9,1,"nbc-wsj-23801","NBC/WSJ",2016-02-14,2016-02-16,NA,"Registered Voters",800,3.5,"Live Phone","Nonpartisan","None"
"234",45,43,NA,14,"suffolk-usa-today-23779","Suffolk/USA Today",2016-02-11,2016-02-15,NA,"Likely Voters",1000,3,"Live Phone","Nonpartisan","None"
"235",43,44,3,10,"quinnipiac-23790","Quinnipiac",2016-02-10,2016-02-15,NA,"Registered Voters",1342,2.7,"Live Phone","Nonpartisan","None"
"236",34,44,11,10,"ipsos-reuters-23740","Ipsos/Reuters",2016-02-06,2016-02-10,NA,"Registered Voters",1337,NA,"Internet","Nonpartisan","None"
"237",40,45,NA,15,"morning-consult-23731","Morning Consult",2016-02-03,2016-02-07,NA,"Registered Voters",2197,NA,"Internet","Nonpartisan","None"
"238",41,46,3,10,"quinnipiac-23675","Quinnipiac",2016-02-02,2016-02-04,NA,"Registered Voters",1125,2.9,"Live Phone","Nonpartisan","None"
"239",40,47,NA,13,"ppp-d--23727","PPP (D)",2016-02-02,2016-02-03,NA,"Likely Voters",1236,NA,"IVR/Online","Pollster","Dem"
"240",36,44,9,10,"ipsos-reuters-23665","Ipsos/Reuters",2016-01-30,2016-02-03,NA,"Registered Voters",1434,NA,"Internet","Nonpartisan","None"
"241",39,45,NA,16,"morning-consult-23600","Morning Consult",2016-01-21,2016-01-24,NA,"Registered Voters",4001,2,"Internet","Nonpartisan","None"
"242",47,48,5,0,"cnn-23592","CNN",2016-01-21,2016-01-24,NA,"Registered Voters",907,3.5,"Live Phone","Nonpartisan","None"
"243",45,45,NA,10,"zogby-internet--23594","Zogby (Internet)",2016-01-19,2016-01-20,NA,"Likely Voters",843,3.2,"Internet","Nonpartisan","None"
"244",42,44,NA,14,"morning-consult-23526","Morning Consult",2016-01-14,2016-01-17,NA,"Registered Voters",4060,2,"Internet","Nonpartisan","None"
"245",41,51,NA,NA,"nbc-wsj-23507","NBC/WSJ",2016-01-09,2016-01-13,NA,"Registered Voters",800,3.5,"Live Phone","Nonpartisan","None"
"246",51,49,NA,NA,"gravis-marketing-oann-23477","Gravis Marketing/OANN",2016-01-10,2016-01-10,NA,"Registered Voters",2416,2,"Automated Phone","Sponsor","Rep"
"247",44,42,NA,14,"morning-consult-23500","Morning Consult",2016-01-08,2016-01-10,NA,"Registered Voters",2173,2,"Internet","Nonpartisan","None"
"248",47,44,2,7,"fox-23457","FOX",2016-01-04,2016-01-07,NA,"Registered Voters",1006,3,"Live Phone","Nonpartisan","None"
"249",36,37,22,5,"rasmussen-23421","Rasmussen",2015-12-22,2015-12-23,NA,"Likely Voters",1000,3,"IVR/Online","Nonpartisan","None"
"250",47,49,4,NA,"cnn-23412","CNN",2015-12-17,2015-12-21,NA,"Registered Voters",927,3,"Live Phone","Nonpartisan","None"
"251",46,48,NA,7,"emerson-college-polling-society-23395","Emerson College Polling Society",2015-12-17,2015-12-20,NA,"Registered Voters",754,3.5,"Automated Phone","Nonpartisan","None"
"252",40,47,2,11,"quinnipiac-23400","Quinnipiac",2015-12-16,2015-12-20,NA,"Registered Voters",1140,2.9,"Live Phone","Nonpartisan","None"
"253",43,46,NA,11,"ppp-d--23396","PPP (D)",2015-12-16,2015-12-17,NA,"Likely Voters",1267,NA,"IVR/Online","Pollster","Dem"
"254",38,49,3,10,"fox-23385","FOX",2015-12-16,2015-12-17,NA,"Registered Voters",1013,3,"Live Phone","Nonpartisan","None"
"255",41,46,NA,13,"morning-consult-23333","Morning Consult",2015-12-11,2015-12-15,NA,"Registered Voters",4038,2,"Internet","Nonpartisan","None"
"256",44,50,4,3,"abc-post-23326","ABC/Post",2015-12-10,2015-12-13,NA,"Registered Voters",851,4,"Live Phone","Nonpartisan","None"
"257",40,50,8,2,"nbc-wsj-23315","NBC/WSJ",2015-12-06,2015-12-09,NA,"Registered Voters",849,3.6,"Live Phone","Nonpartisan","None"
"258",49,51,NA,NA,"gravis-marketing-oann-23300","Gravis Marketing/OANN",2015-12-07,2015-12-08,NA,"Registered Voters",1995,2.2,"Automated Phone","Sponsor","Rep"
"259",45,40,NA,15,"morning-consult-23281","Morning Consult",2015-12-03,2015-12-07,NA,"Registered Voters",2047,2,"Internet","Nonpartisan","None"
"260",44,47,NA,8,"suffolk-usa-today-23278","Suffolk/USA Today",2015-12-02,2015-12-06,NA,"Likely Voters",1000,3,"Live Phone","Nonpartisan","None"
"261",37,51,NA,NA,"saint-leo-university-23287","Saint Leo University",2015-11-29,2015-12-03,NA,"Likely Voters",746,NA,"Internet","Nonpartisan","None"
"262",41,52,NA,6,"msnbc-telemundo-marist-23269","MSNBC/Telemundo/Marist",2015-11-15,2015-12-02,NA,"Registered Voters",2360,2,"Live Phone","Sponsor","Other"
"263",46,49,4,0,"cnn-23262","CNN",2015-11-27,2015-12-01,NA,"Registered Voters",930,3,"Live Phone","Nonpartisan","None"
"264",41,47,2,10,"quinnipiac-23247","Quinnipiac",2015-11-23,2015-11-30,NA,"Registered Voters",1453,2.6,"Live Phone","Nonpartisan","None"
"265",46,41,2,12,"fox-23216","FOX",2015-11-16,2015-11-19,NA,"Registered Voters",1016,3,"Live Phone","Nonpartisan","None"
"266",44,45,NA,11,"ppp-d--23175","PPP (D)",2015-11-16,2015-11-17,NA,"Likely Voters",1360,2.7,"IVR/Online","Pollster","Dem"
"267",43,44,NA,14,"morning-consult-23158","Morning Consult",2015-11-13,2015-11-16,NA,"Registered Voters",2001,2,"Internet","Nonpartisan","None"
"268",43,43,NA,14,"morning-consult-23107","Morning Consult",2015-11-05,2015-11-08,NA,"Registered Voters",4002,2,"Internet","Nonpartisan","None"
"269",41,56,NA,3,"mcclatchy-marist-23096","McClatchy/Marist",2015-10-29,2015-11-04,NA,"Registered Voters",541,4.2,"Live Phone","Nonpartisan","None"
"270",43,46,2,9,"quinnipiac-23059","Quinnipiac",2015-10-29,2015-11-02,NA,"Registered Voters",1144,2.9,"Live Phone","Nonpartisan","None"
"271",44,44,NA,12,"morning-consult-23056","Morning Consult",2015-10-29,2015-11-01,NA,"Registered Voters",2350,2,"Internet","Nonpartisan","None"
"272",37,41,16,6,"zogby-internet--23091","Zogby (Internet)",2015-10-30,2015-10-31,NA,"Likely Voters",1002,5,"Internet","Nonpartisan","None"
"273",42,50,6,2,"nbc-wsj-23071","NBC/WSJ",2015-10-25,2015-10-29,NA,"Adults",1000,3,"Live Phone","Nonpartisan","None"
"274",49,51,NA,NA,"gravis-marketing-oann-23005","Gravis Marketing/OANN",2015-10-26,2015-10-26,NA,"Registered Voters",2606,2,"Automated Phone","Sponsor","Rep"
"275",43,43,NA,14,"morning-consult-22994","Morning Consult",2015-10-22,2015-10-25,NA,"Registered Voters",1689,2,"Internet","Nonpartisan","None"
"276",38,47,NA,NA,"saint-leo-university-23025","Saint Leo University",2015-10-17,2015-10-22,NA,"Likely Voters",764,3.5,"Internet","Nonpartisan","None"
"277",41,44,NA,14,"morning-consult-22950","Morning Consult",2015-10-15,2015-10-19,NA,"Registered Voters",2017,2,"Internet","Nonpartisan","None"
"278",46,44,NA,10,"emerson-college-polling-society-22951","Emerson College Polling Society",2015-10-16,2015-10-17,NA,"Registered Voters",783,3.4,"Automated Phone","Nonpartisan","None"
"279",45,50,6,0,"cnn-22934","CNN",2015-10-14,2015-10-17,NA,"Registered Voters",936,NA,"Live Phone","Nonpartisan","None"
"280",45,40,4,10,"fox-22904","FOX",2015-10-10,2015-10-12,NA,"Registered Voters",1004,3,"Live Phone","Nonpartisan","None"
"281",41,43,NA,16,"morning-consult-22902","Morning Consult",2015-10-08,2015-10-12,NA,"Registered Voters",2002,2,"Internet","Nonpartisan","None"
"282",43,41,NA,16,"morning-consult-22858","Morning Consult",2015-10-02,2015-10-05,NA,"Registered Voters",1983,2,"Internet","Nonpartisan","None"
"283",44,44,NA,12,"ppp-d--22856","PPP (D)",2015-10-01,2015-10-04,NA,"Likely Voters",1338,2.7,"IVR/Online","Pollster","Dem"
"284",52,48,NA,NA,"gravis-marketing-oann-22863","Gravis Marketing/OANN",2015-09-30,2015-10-01,NA,"Registered Voters",2665,1.9,"Automated Phone","Sponsor","Rep"
"285",42,45,NA,13,"morning-consult-22814","Morning Consult",2015-09-24,2015-09-27,NA,"Registered Voters",1543,2,"Internet","Nonpartisan","None"
"286",39,49,10,2,"nbc-wsj-22808","NBC/WSJ",2015-09-20,2015-09-24,NA,"Adults",1000,3.1,"Live Phone","Nonpartisan","None"
"287",42,46,3,9,"fox-22789","FOX",2015-09-20,2015-09-22,NA,"Registered Voters",1013,3,"Live Phone","Nonpartisan","None"
"288",43,45,2,10,"quinnipiac-22788","Quinnipiac",2015-09-17,2015-09-21,NA,"Registered Voters",1574,2.5,"Live Phone","Nonpartisan","None"
"289",41,45,NA,14,"morning-consult-22772","Morning Consult",2015-09-18,2015-09-20,NA,"Registered Voters",4033,2,"Internet","Nonpartisan","None"
"290",40,44,NA,16,"morning-consult-22752","Morning Consult",2015-09-11,2015-09-13,NA,"Registered Voters",2023,2,"Internet","Nonpartisan","None"
"291",43,46,7,5,"abc-post-22720","ABC/Post",2015-09-07,2015-09-10,NA,"Registered Voters",821,4,"Live Phone","Nonpartisan","None"
"292",40,53,NA,7,"msnbc-telemundo-marist-22763","MSNBC/Telemundo/Marist",2015-08-26,2015-09-09,NA,"Registered Voters",1115,2.9,"Live Phone","Sponsor","Other"
"293",47,43,NA,11,"emerson-college-polling-society-22699","Emerson College Polling Society",2015-09-05,2015-09-08,NA,"Likely Voters",955,3.1,"Automated Phone","Nonpartisan","None"
"294",48,48,3,0,"cnn-22704","CNN",2015-09-04,2015-09-08,NA,"Registered Voters",930,3,"Live Phone","Nonpartisan","None"
"295",43,42,NA,15,"morning-consult-22703","Morning Consult",2015-09-04,2015-09-07,NA,"Registered Voters",2008,2,"Internet","Nonpartisan","None"
"296",45,40,NA,16,"surveyusa-22683","SurveyUSA",2015-09-02,2015-09-03,NA,"Registered Voters",900,3.3,"IVR/Online","Nonpartisan","None"
"297",44,46,NA,11,"ppp-d--22654","PPP (D)",2015-08-28,2015-08-30,NA,"Likely Voters",1254,2.8,"IVR/Online","Pollster","Dem"
"298",42,43,NA,15,"morning-consult-22640","Morning Consult",2015-08-28,2015-08-30,NA,"Registered Voters",2015,2,"Internet","Nonpartisan","None"
"299",41,45,3,11,"quinnipiac-22620","Quinnipiac",2015-08-20,2015-08-25,NA,"Registered Voters",1563,2.5,"Live Phone","Nonpartisan","None"
"300",54,46,NA,NA,"gravis-marketing-oann-22623","Gravis Marketing/OANN",2015-08-21,2015-08-22,NA,"Registered Voters",3567,2,"Automated Phone","Sponsor","Rep"
"301",45,51,4,0,"cnn-22576","CNN",2015-08-13,2015-08-16,NA,"Registered Voters",897,3.5,"Live Phone","Nonpartisan","None"
"302",42,47,2,10,"fox-22563","FOX",2015-08-11,2015-08-13,NA,"Registered Voters",1008,3,"Live Phone","Nonpartisan","None"
"303",29,43,11,17,"ipsos-reuters-22529","Ipsos/Reuters",2015-08-06,2015-08-10,NA,"Adults",823,4.4,"Internet","Nonpartisan","None"
"304",41,47,NA,13,"morning-consult-22526","Morning Consult",2015-08-07,2015-08-09,NA,"Registered Voters",2029,2,"Internet","Nonpartisan","None"
"305",49,50,NA,NA,"gravis-marketing-oann-22496","Gravis Marketing/OANN",2015-07-31,2015-08-01,NA,"Registered Voters",3477,2,"Automated Phone","Sponsor","Rep"
"306",40,49,NA,12,"emerson-college-polling-society-22537","Emerson College Polling Society",2015-07-26,2015-07-28,NA,"Likely Voters",950,3.4,"Automated Phone","Nonpartisan","None"
"307",36,48,4,12,"quinnipiac-22459","Quinnipiac",2015-07-23,2015-07-28,NA,"Registered Voters",1644,2.4,"Live Phone","Nonpartisan","None"
"308",38,54,NA,8,"mcclatchy-marist-22466","McClatchy/Marist",2015-07-22,2015-07-28,NA,"Registered Voters",964,3.2,"Live Phone","Nonpartisan","None"
"309",40,56,4,0,"cnn-22434","CNN",2015-07-22,2015-07-25,NA,"Registered Voters",898,3.5,"Live Phone","Nonpartisan","None"
"310",37,50,NA,13,"ppp-d--22415","PPP (D)",2015-07-20,2015-07-21,NA,"Likely Voters",1087,3,"IVR/Online","Pollster","Dem"
"311",34,51,NA,16,"suffolk-usa-today-22380","Suffolk/USA Today",2015-07-09,2015-07-12,NA,"Likely Voters",1000,3,"Live Phone","Nonpartisan","None"
"312",35,59,6,0,"cnn-22330","CNN",2015-06-26,2015-06-28,NA,"Registered Voters",890,3.5,"Live Phone","Nonpartisan","None"
"313",34,51,3,12,"fox-22300","FOX",2015-06-21,2015-06-23,NA,"Registered Voters",1005,3,"Live Phone","Nonpartisan","None"
"314",35,46,NA,18,"yougov-economist-22307","YouGov/Economist",2015-06-20,2015-06-22,NA,"Registered Voters",869,NA,"Internet","Nonpartisan","None"
"315",32,50,3,14,"quinnipiac-22181","Quinnipiac",2015-05-19,2015-05-26,NA,"Registered Voters",1711,2.4,"Live Phone","Nonpartisan","None"
